concept,slot,table,column,type,primary_key_position,nullable_in_sqlite,default,migration,implementation_status
AccessAssessment,oa_assessment_id,access_assessments_v2,assessment_id,TEXT,1,False,,curator-app/migrations/0002_open_access.sql,prepared_v2_not_runtime_verified
AccessAssessment,v2_review_id,access_assessments_v2,review_id,TEXT,0,False,,curator-app/migrations/0002_open_access.sql,prepared_v2_not_runtime_verified
AccessAssessment,v2_candidate_id,access_assessments_v2,candidate_id,TEXT,0,False,,curator-app/migrations/0002_open_access.sql,prepared_v2_not_runtime_verified
AccessAssessment,v2_evidence_id,access_assessments_v2,evidence_id,TEXT,0,True,,curator-app/migrations/0002_open_access.sql,prepared_v2_not_runtime_verified
AccessAssessment,oa_full_text_url,access_assessments_v2,full_text_url,TEXT,0,True,,curator-app/migrations/0002_open_access.sql,prepared_v2_not_runtime_verified
AccessAssessment,v2_version_type,access_assessments_v2,version_type,TEXT,0,True,,curator-app/migrations/0002_open_access.sql,prepared_v2_not_runtime_verified
AccessAssessment,oa_host_type,access_assessments_v2,host_type,TEXT,0,True,,curator-app/migrations/0002_open_access.sql,prepared_v2_not_runtime_verified
AccessAssessment,v2_license_uri,access_assessments_v2,license_uri,TEXT,0,True,,curator-app/migrations/0002_open_access.sql,prepared_v2_not_runtime_verified
AccessAssessment,v2_rights_basis,access_assessments_v2,rights_basis,TEXT,0,False,,curator-app/migrations/0002_open_access.sql,prepared_v2_not_runtime_verified
AccessAssessment,oa_rights_evidence_url,access_assessments_v2,rights_evidence_url,TEXT,0,True,,curator-app/migrations/0002_open_access.sql,prepared_v2_not_runtime_verified
AccessAssessment,oa_access_status,access_assessments_v2,access_status,TEXT,0,False,,curator-app/migrations/0002_open_access.sql,prepared_v2_not_runtime_verified
AccessAssessment,oa_verification_method,access_assessments_v2,verification_method,TEXT,0,False,,curator-app/migrations/0002_open_access.sql,prepared_v2_not_runtime_verified
AccessAssessment,oa_verified_at,access_assessments_v2,verified_at,TEXT,0,False,,curator-app/migrations/0002_open_access.sql,prepared_v2_not_runtime_verified
AccessAssessment,v2_attributed_to,access_assessments_v2,attributed_to,TEXT,0,False,,curator-app/migrations/0002_open_access.sql,prepared_v2_not_runtime_verified
AccessAssessment,v2_supersedes_id,access_assessments_v2,supersedes_id,TEXT,0,True,,curator-app/migrations/0002_open_access.sql,prepared_v2_not_runtime_verified
Agent,v2_agent_id,agents,agent_id,TEXT,1,False,,curator-app/migrations/0001_review_v2.sql,prepared_v2_not_runtime_verified
Agent,v2_agent_type,agents,agent_type,TEXT,0,False,,curator-app/migrations/0001_review_v2.sql,prepared_v2_not_runtime_verified
Agent,v2_display_name,agents,display_name,TEXT,0,False,,curator-app/migrations/0001_review_v2.sql,prepared_v2_not_runtime_verified
Agent,v2_family_name,agents,family_name,TEXT,0,True,,curator-app/migrations/0001_review_v2.sql,prepared_v2_not_runtime_verified
Agent,v2_given_name,agents,given_name,TEXT,0,True,,curator-app/migrations/0001_review_v2.sql,prepared_v2_not_runtime_verified
ApprovalReceipt,v2_receipt_id,approval_receipts,receipt_id,TEXT,1,False,,curator-app/migrations/0001_review_v2.sql,prepared_v2_not_runtime_verified
ApprovalReceipt,v2_proposal_id,approval_receipts,proposal_id,TEXT,0,False,,curator-app/migrations/0001_review_v2.sql,prepared_v2_not_runtime_verified
ApprovalReceipt,v2_review_id,approval_receipts,review_id,TEXT,0,False,,curator-app/migrations/0001_review_v2.sql,prepared_v2_not_runtime_verified
ApprovalReceipt,v2_candidate_id,approval_receipts,candidate_id,TEXT,0,False,,curator-app/migrations/0001_review_v2.sql,prepared_v2_not_runtime_verified
ApprovalReceipt,v2_expected_version,approval_receipts,expected_version,INTEGER,0,False,,curator-app/migrations/0001_review_v2.sql,prepared_v2_not_runtime_verified
ApprovalReceipt,v2_payload_sha256,approval_receipts,payload_sha256,TEXT,0,False,,curator-app/migrations/0001_review_v2.sql,prepared_v2_not_runtime_verified
ApprovalReceipt,v2_repository,approval_receipts,repository,TEXT,0,False,,curator-app/migrations/0001_review_v2.sql,prepared_v2_not_runtime_verified
ApprovalReceipt,v2_pr_number,approval_receipts,pr_number,INTEGER,0,False,,curator-app/migrations/0001_review_v2.sql,prepared_v2_not_runtime_verified
ApprovalReceipt,v2_reviewed_commit,approval_receipts,reviewed_commit,TEXT,0,False,,curator-app/migrations/0001_review_v2.sql,prepared_v2_not_runtime_verified
ApprovalReceipt,v2_human_login,approval_receipts,human_login,TEXT,0,False,,curator-app/migrations/0001_review_v2.sql,prepared_v2_not_runtime_verified
ApprovalReceipt,v2_human_review_id,approval_receipts,human_review_id,TEXT,0,False,,curator-app/migrations/0001_review_v2.sql,prepared_v2_not_runtime_verified
ApprovalReceipt,v2_approved_at,approval_receipts,approved_at,TEXT,0,False,,curator-app/migrations/0001_review_v2.sql,prepared_v2_not_runtime_verified
ApprovalReceipt,v2_imported_at,approval_receipts,imported_at,TEXT,0,False,,curator-app/migrations/0001_review_v2.sql,prepared_v2_not_runtime_verified
AssistantRecommendation,v2_observation_id,assistant_observations,observation_id,TEXT,1,False,,curator-app/migrations/0001_review_v2.sql,prepared_v2_not_runtime_verified
AssistantRecommendation,v2_review_id,assistant_observations,review_id,TEXT,0,False,,curator-app/migrations/0001_review_v2.sql,prepared_v2_not_runtime_verified
AssistantRecommendation,v2_candidate_id,assistant_observations,candidate_id,TEXT,0,False,,curator-app/migrations/0001_review_v2.sql,prepared_v2_not_runtime_verified
AssistantRecommendation,v2_model_id,assistant_observations,model_id,TEXT,0,False,,curator-app/migrations/0001_review_v2.sql,prepared_v2_not_runtime_verified
AssistantRecommendation,v2_prompt_version,assistant_observations,prompt_version,TEXT,0,False,,curator-app/migrations/0001_review_v2.sql,prepared_v2_not_runtime_verified
AssistantRecommendation,v2_protocol_version,assistant_observations,protocol_version,TEXT,0,False,,curator-app/migrations/0001_review_v2.sql,prepared_v2_not_runtime_verified
AssistantRecommendation,v2_input_sha256,assistant_observations,input_sha256,TEXT,0,False,,curator-app/migrations/0001_review_v2.sql,prepared_v2_not_runtime_verified
AssistantRecommendation,v2_output_json,assistant_observations,output_json,TEXT,0,False,,curator-app/migrations/0001_review_v2.sql,prepared_v2_not_runtime_verified
AssistantRecommendation,v2_evidence_span_ids_json,assistant_observations,evidence_span_ids_json,TEXT,0,False,,curator-app/migrations/0001_review_v2.sql,prepared_v2_not_runtime_verified
AssistantRecommendation,v2_created_at,assistant_observations,created_at,TEXT,0,False,,curator-app/migrations/0001_review_v2.sql,prepared_v2_not_runtime_verified
Identifier,v2_identifier_id,bibliographic_identifiers,identifier_id,TEXT,1,False,,curator-app/migrations/0001_review_v2.sql,prepared_v2_not_runtime_verified
Identifier,v2_work_id,bibliographic_identifiers,work_id,TEXT,0,True,,curator-app/migrations/0001_review_v2.sql,prepared_v2_not_runtime_verified
Identifier,v2_expression_id,bibliographic_identifiers,expression_id,TEXT,0,True,,curator-app/migrations/0001_review_v2.sql,prepared_v2_not_runtime_verified
Identifier,v2_manifestation_id,bibliographic_identifiers,manifestation_id,TEXT,0,True,,curator-app/migrations/0001_review_v2.sql,prepared_v2_not_runtime_verified
Identifier,v2_agent_id,bibliographic_identifiers,agent_id,TEXT,0,True,,curator-app/migrations/0001_review_v2.sql,prepared_v2_not_runtime_verified
Identifier,v2_venue_id,bibliographic_identifiers,venue_id,TEXT,0,True,,curator-app/migrations/0001_review_v2.sql,prepared_v2_not_runtime_verified
Identifier,v2_scheme,bibliographic_identifiers,scheme,TEXT,0,False,,curator-app/migrations/0001_review_v2.sql,prepared_v2_not_runtime_verified
Identifier,v2_value,bibliographic_identifiers,value,TEXT,0,False,,curator-app/migrations/0001_review_v2.sql,prepared_v2_not_runtime_verified
Identifier,v2_source_url,bibliographic_identifiers,source_url,TEXT,0,False,,curator-app/migrations/0001_review_v2.sql,prepared_v2_not_runtime_verified
Identifier,v2_observed_at,bibliographic_identifiers,observed_at,TEXT,0,False,,curator-app/migrations/0001_review_v2.sql,prepared_v2_not_runtime_verified
Identifier,v2_verification_status,bibliographic_identifiers,verification_status,TEXT,0,False,,curator-app/migrations/0001_review_v2.sql,prepared_v2_not_runtime_verified
CitationRelation,v2_citation_id,citation_relations,citation_id,TEXT,1,False,,curator-app/migrations/0001_review_v2.sql,prepared_v2_not_runtime_verified
CitationRelation,v2_citing_work_id,citation_relations,citing_work_id,TEXT,0,False,,curator-app/migrations/0001_review_v2.sql,prepared_v2_not_runtime_verified
CitationRelation,v2_cited_work_id,citation_relations,cited_work_id,TEXT,0,False,,curator-app/migrations/0001_review_v2.sql,prepared_v2_not_runtime_verified
CitationRelation,v2_expression_id,citation_relations,expression_id,TEXT,0,True,,curator-app/migrations/0001_review_v2.sql,prepared_v2_not_runtime_verified
CitationRelation,v2_source_url,citation_relations,source_url,TEXT,0,False,,curator-app/migrations/0001_review_v2.sql,prepared_v2_not_runtime_verified
CitationRelation,v2_locator,citation_relations,locator,TEXT,0,False,,curator-app/migrations/0001_review_v2.sql,prepared_v2_not_runtime_verified
CitationRelation,v2_observed_at,citation_relations,observed_at,TEXT,0,False,,curator-app/migrations/0001_review_v2.sql,prepared_v2_not_runtime_verified
CitationRelation,v2_verification_status,citation_relations,verification_status,TEXT,0,False,,curator-app/migrations/0001_review_v2.sql,prepared_v2_not_runtime_verified
CodingAssertion,v2_coding_id,coding_assertions_v2,coding_id,TEXT,1,False,,curator-app/migrations/0001_review_v2.sql,prepared_v2_not_runtime_verified
CodingAssertion,v2_decision_id,coding_assertions_v2,decision_id,TEXT,0,False,,curator-app/migrations/0001_review_v2.sql,prepared_v2_not_runtime_verified
CodingAssertion,v2_dimension,coding_assertions_v2,dimension,TEXT,0,False,,curator-app/migrations/0001_review_v2.sql,prepared_v2_not_runtime_verified
CodingAssertion,v2_code,coding_assertions_v2,code,TEXT,0,False,,curator-app/migrations/0001_review_v2.sql,prepared_v2_not_runtime_verified
CodingAssertion,v2_vocabulary_version,coding_assertions_v2,vocabulary_version,TEXT,0,False,,curator-app/migrations/0001_review_v2.sql,prepared_v2_not_runtime_verified
CodingAssertion,v2_rationale,coding_assertions_v2,rationale,TEXT,0,False,,curator-app/migrations/0001_review_v2.sql,prepared_v2_not_runtime_verified
CodingAssertion,v2_evidence_span_ids_json,coding_assertions_v2,evidence_span_ids_json,TEXT,0,False,,curator-app/migrations/0001_review_v2.sql,prepared_v2_not_runtime_verified
CodingAssertion,v2_supersedes_id,coding_assertions_v2,supersedes_id,TEXT,0,True,,curator-app/migrations/0001_review_v2.sql,prepared_v2_not_runtime_verified
Contribution,v2_contribution_id,contributions,contribution_id,TEXT,1,False,,curator-app/migrations/0001_review_v2.sql,prepared_v2_not_runtime_verified
Contribution,v2_expression_id,contributions,expression_id,TEXT,0,False,,curator-app/migrations/0001_review_v2.sql,prepared_v2_not_runtime_verified
Contribution,v2_agent_id,contributions,agent_id,TEXT,0,False,,curator-app/migrations/0001_review_v2.sql,prepared_v2_not_runtime_verified
Contribution,v2_role,contributions,role,TEXT,0,False,,curator-app/migrations/0001_review_v2.sql,prepared_v2_not_runtime_verified
Contribution,v2_position,contributions,position,INTEGER,0,False,,curator-app/migrations/0001_review_v2.sql,prepared_v2_not_runtime_verified
Contribution,v2_credit_role_uri,contributions,credit_role_uri,TEXT,0,True,,curator-app/migrations/0001_review_v2.sql,prepared_v2_not_runtime_verified
Contribution,v2_affiliation_id,contributions,affiliation_id,TEXT,0,True,,curator-app/migrations/0001_review_v2.sql,prepared_v2_not_runtime_verified
Contribution,v2_source_url,contributions,source_url,TEXT,0,False,,curator-app/migrations/0001_review_v2.sql,prepared_v2_not_runtime_verified
CriterionAssessment,v2_decision_id,criterion_assessments,decision_id,TEXT,1,False,,curator-app/migrations/0001_review_v2.sql,prepared_v2_not_runtime_verified
CriterionAssessment,v2_criterion_id,criterion_assessments,criterion_id,TEXT,2,False,,curator-app/migrations/0001_review_v2.sql,prepared_v2_not_runtime_verified
CriterionAssessment,v2_outcome,criterion_assessments,outcome,TEXT,0,False,,curator-app/migrations/0001_review_v2.sql,prepared_v2_not_runtime_verified
CriterionAssessment,v2_rationale,criterion_assessments,rationale,TEXT,0,False,,curator-app/migrations/0001_review_v2.sql,prepared_v2_not_runtime_verified
CriterionAssessment,v2_evidence_span_ids_json,criterion_assessments,evidence_span_ids_json,TEXT,0,False,,curator-app/migrations/0001_review_v2.sql,prepared_v2_not_runtime_verified
DecisionProposal,v2_proposal_id,decision_proposals,proposal_id,TEXT,1,False,,curator-app/migrations/0001_review_v2.sql,prepared_v2_not_runtime_verified
DecisionProposal,v2_review_id,decision_proposals,review_id,TEXT,0,False,,curator-app/migrations/0001_review_v2.sql,prepared_v2_not_runtime_verified
DecisionProposal,v2_candidate_id,decision_proposals,candidate_id,TEXT,0,False,,curator-app/migrations/0001_review_v2.sql,prepared_v2_not_runtime_verified
DecisionProposal,v2_expected_version,decision_proposals,expected_version,INTEGER,0,False,,curator-app/migrations/0001_review_v2.sql,prepared_v2_not_runtime_verified
DecisionProposal,v2_protocol_version,decision_proposals,protocol_version,TEXT,0,False,,curator-app/migrations/0001_review_v2.sql,prepared_v2_not_runtime_verified
DecisionProposal,v2_payload_json,decision_proposals,payload_json,TEXT,0,False,,curator-app/migrations/0001_review_v2.sql,prepared_v2_not_runtime_verified
DecisionProposal,v2_payload_sha256,decision_proposals,payload_sha256,TEXT,0,False,,curator-app/migrations/0001_review_v2.sql,prepared_v2_not_runtime_verified
DecisionProposal,v2_proposed_by,decision_proposals,proposed_by,TEXT,0,False,,curator-app/migrations/0001_review_v2.sql,prepared_v2_not_runtime_verified
DecisionProposal,v2_created_at,decision_proposals,created_at,TEXT,0,False,,curator-app/migrations/0001_review_v2.sql,prepared_v2_not_runtime_verified
DiscoveryRecord,v2_occurrence_id,discovery_occurrences,occurrence_id,TEXT,1,False,,curator-app/migrations/0001_review_v2.sql,prepared_v2_not_runtime_verified
DiscoveryRecord,v2_review_id,discovery_occurrences,review_id,TEXT,0,False,,curator-app/migrations/0001_review_v2.sql,prepared_v2_not_runtime_verified
DiscoveryRecord,v2_execution_id,discovery_occurrences,execution_id,TEXT,0,True,,curator-app/migrations/0001_review_v2.sql,prepared_v2_not_runtime_verified
DiscoveryRecord,v2_candidate_id,discovery_occurrences,candidate_id,TEXT,0,True,,curator-app/migrations/0001_review_v2.sql,prepared_v2_not_runtime_verified
DiscoveryRecord,v2_provider,discovery_occurrences,provider,TEXT,0,False,,curator-app/migrations/0001_review_v2.sql,prepared_v2_not_runtime_verified
DiscoveryRecord,v2_source_url,discovery_occurrences,source_url,TEXT,0,False,,curator-app/migrations/0001_review_v2.sql,prepared_v2_not_runtime_verified
DiscoveryRecord,v2_rank,discovery_occurrences,rank,INTEGER,0,True,,curator-app/migrations/0001_review_v2.sql,prepared_v2_not_runtime_verified
DiscoveryRecord,v2_metadata_json,discovery_occurrences,metadata_json,TEXT,0,False,,curator-app/migrations/0001_review_v2.sql,prepared_v2_not_runtime_verified
DiscoveryRecord,v2_observed_at,discovery_occurrences,observed_at,TEXT,0,False,,curator-app/migrations/0001_review_v2.sql,prepared_v2_not_runtime_verified
DocumentSection,v2_section_id,document_sections,section_id,TEXT,1,False,,curator-app/migrations/0001_review_v2.sql,prepared_v2_not_runtime_verified
DocumentSection,v2_expression_id,document_sections,expression_id,TEXT,0,False,,curator-app/migrations/0001_review_v2.sql,prepared_v2_not_runtime_verified
DocumentSection,v2_section_type,document_sections,section_type,TEXT,0,False,,curator-app/migrations/0001_review_v2.sql,prepared_v2_not_runtime_verified
DocumentSection,v2_heading,document_sections,heading,TEXT,0,True,,curator-app/migrations/0001_review_v2.sql,prepared_v2_not_runtime_verified
DocumentSection,v2_position,document_sections,position,INTEGER,0,False,,curator-app/migrations/0001_review_v2.sql,prepared_v2_not_runtime_verified
DocumentSection,v2_parent_section_id,document_sections,parent_section_id,TEXT,0,True,,curator-app/migrations/0001_review_v2.sql,prepared_v2_not_runtime_verified
DocumentSection,v2_source_url,document_sections,source_url,TEXT,0,False,,curator-app/migrations/0001_review_v2.sql,prepared_v2_not_runtime_verified
DocumentSection,v2_locator,document_sections,locator,TEXT,0,False,,curator-app/migrations/0001_review_v2.sql,prepared_v2_not_runtime_verified
PublicationState,v2_receipt_id,enrichment_adjudication_receipts,receipt_id,TEXT,1,True,,curator-app/migrations/0005_enrichment_adjudication.sql,configured_enrichment_sqlite
PublicationState,enrichment_target_id,enrichment_adjudication_receipts,target_id,TEXT,0,False,,curator-app/migrations/0005_enrichment_adjudication.sql,configured_enrichment_sqlite
PublicationState,enrichment_input_sha256,enrichment_adjudication_receipts,input_sha256,TEXT,0,False,,curator-app/migrations/0005_enrichment_adjudication.sql,configured_enrichment_sqlite
PublicationState,enrichment_proposal_id,enrichment_adjudication_receipts,proposal_id,TEXT,0,False,,curator-app/migrations/0005_enrichment_adjudication.sql,configured_enrichment_sqlite
PublicationState,enrichment_payload_sha256,enrichment_adjudication_receipts,proposal_sha256,TEXT,0,False,,curator-app/migrations/0005_enrichment_adjudication.sql,configured_enrichment_sqlite
PublicationState,cile:sourceSnapshotSha256,enrichment_adjudication_receipts,source_snapshot_sha256,TEXT,0,False,,curator-app/migrations/0005_enrichment_adjudication.sql,configured_enrichment_sqlite
PublicationState,cile:referenceSnapshotSha256,enrichment_adjudication_receipts,reference_snapshot_sha256,TEXT,0,False,,curator-app/migrations/0005_enrichment_adjudication.sql,configured_enrichment_sqlite
PublicationState,v2_receipt_id,enrichment_adjudication_receipts,calibration_id,TEXT,0,False,,curator-app/migrations/0005_enrichment_adjudication.sql,configured_enrichment_sqlite
PublicationState,cile:checklistSha256,enrichment_adjudication_receipts,checklist_sha256,TEXT,0,False,,curator-app/migrations/0005_enrichment_adjudication.sql,configured_enrichment_sqlite
PublicationState,v2_manifest_sha256,enrichment_adjudication_receipts,manifest_sha256,TEXT,0,False,,curator-app/migrations/0005_enrichment_adjudication.sql,configured_enrichment_sqlite
PublicationState,v2_repository,enrichment_adjudication_receipts,repository,TEXT,0,False,,curator-app/migrations/0005_enrichment_adjudication.sql,configured_enrichment_sqlite
PublicationState,v2_pr_number,enrichment_adjudication_receipts,pr_number,INTEGER,0,False,,curator-app/migrations/0005_enrichment_adjudication.sql,configured_enrichment_sqlite
PublicationState,v2_reviewed_commit,enrichment_adjudication_receipts,reviewed_commit,TEXT,0,False,,curator-app/migrations/0005_enrichment_adjudication.sql,configured_enrichment_sqlite
PublicationState,v2_human_login,enrichment_adjudication_receipts,human_login,TEXT,0,False,,curator-app/migrations/0005_enrichment_adjudication.sql,configured_enrichment_sqlite
PublicationState,v2_human_review_id,enrichment_adjudication_receipts,human_review_id,TEXT,0,False,,curator-app/migrations/0005_enrichment_adjudication.sql,configured_enrichment_sqlite
PublicationState,v2_approved_at,enrichment_adjudication_receipts,approved_at,TEXT,0,False,,curator-app/migrations/0005_enrichment_adjudication.sql,configured_enrichment_sqlite
PublicationState,v2_imported_at,enrichment_adjudication_receipts,imported_at,TEXT,0,False,,curator-app/migrations/0005_enrichment_adjudication.sql,configured_enrichment_sqlite
ReportedAnalysis,enrichment_proposal_id,enrichment_analyses,proposal_id,TEXT,1,False,,curator-app/migrations/0003_paper_enrichment.sql,configured_enrichment_sqlite
ReportedAnalysis,enrichment_study_id,enrichment_analyses,study_id,TEXT,0,False,,curator-app/migrations/0003_paper_enrichment.sql,configured_enrichment_sqlite
ReportedAnalysis,enrichment_analysis_id,enrichment_analyses,analysis_id,TEXT,2,False,,curator-app/migrations/0003_paper_enrichment.sql,configured_enrichment_sqlite
ReportedAnalysis,enrichment_payload_json,enrichment_analyses,payload_json,TEXT,0,False,,curator-app/migrations/0003_paper_enrichment.sql,configured_enrichment_sqlite
EnrichmentAttempt,enrichment_attempt_id,enrichment_attempts,attempt_id,TEXT,1,True,,curator-app/migrations/0003_paper_enrichment.sql,configured_enrichment_sqlite
EnrichmentAttempt,enrichment_job_id,enrichment_attempts,job_id,TEXT,0,False,,curator-app/migrations/0003_paper_enrichment.sql,configured_enrichment_sqlite
EnrichmentAttempt,enrichment_run_id,enrichment_attempts,run_id,TEXT,0,False,,curator-app/migrations/0003_paper_enrichment.sql,configured_enrichment_sqlite
EnrichmentAttempt,enrichment_started_at,enrichment_attempts,started_at,TEXT,0,False,,curator-app/migrations/0003_paper_enrichment.sql,configured_enrichment_sqlite
EnrichmentAttempt,enrichment_finished_at,enrichment_attempts,finished_at,TEXT,0,False,,curator-app/migrations/0003_paper_enrichment.sql,configured_enrichment_sqlite
EnrichmentAttempt,enrichment_outcome,enrichment_attempts,outcome,TEXT,0,False,,curator-app/migrations/0003_paper_enrichment.sql,configured_enrichment_sqlite
EnrichmentAttempt,enrichment_error_code,enrichment_attempts,error_code,TEXT,0,True,,curator-app/migrations/0003_paper_enrichment.sql,configured_enrichment_sqlite
CitationCoverage,cile:bibliography_id,enrichment_bibliography_snapshots,bibliography_id,TEXT,1,True,,curator-app/migrations/0006_enrichment_delivery_assets.sql,configured_enrichment_sqlite
CitationCoverage,cile:target_id,enrichment_bibliography_snapshots,target_id,TEXT,0,False,,curator-app/migrations/0006_enrichment_delivery_assets.sql,configured_enrichment_sqlite
CitationCoverage,cile:input_sha256,enrichment_bibliography_snapshots,input_sha256,TEXT,0,False,,curator-app/migrations/0006_enrichment_delivery_assets.sql,configured_enrichment_sqlite
CitationCoverage,cile:source_id,enrichment_bibliography_snapshots,source_id,TEXT,0,False,,curator-app/migrations/0006_enrichment_delivery_assets.sql,configured_enrichment_sqlite
CitationCoverage,cile:scope,enrichment_bibliography_snapshots,scope,TEXT,0,False,,curator-app/migrations/0006_enrichment_delivery_assets.sql,configured_enrichment_sqlite
CitationCoverage,cile:coverage,enrichment_bibliography_snapshots,coverage,TEXT,0,False,,curator-app/migrations/0006_enrichment_delivery_assets.sql,configured_enrichment_sqlite
CitationCoverage,cile:declared_count,enrichment_bibliography_snapshots,declared_count,INTEGER,0,True,,curator-app/migrations/0006_enrichment_delivery_assets.sql,configured_enrichment_sqlite
CitationCoverage,cile:entries_count,enrichment_bibliography_snapshots,entries_count,INTEGER,0,False,,curator-app/migrations/0006_enrichment_delivery_assets.sql,configured_enrichment_sqlite
CitationCoverage,cile:payload_json,enrichment_bibliography_snapshots,payload_json,TEXT,0,False,,curator-app/migrations/0006_enrichment_delivery_assets.sql,configured_enrichment_sqlite
CitationCoverage,cile:payload_sha256,enrichment_bibliography_snapshots,payload_sha256,TEXT,0,False,,curator-app/migrations/0006_enrichment_delivery_assets.sql,configured_enrichment_sqlite
CitationCoverage,cile:observed_at,enrichment_bibliography_snapshots,observed_at,TEXT,0,False,,curator-app/migrations/0006_enrichment_delivery_assets.sql,configured_enrichment_sqlite
ReviewEvent,v2_receipt_id,enrichment_calibration_receipts,calibration_id,TEXT,1,True,,curator-app/migrations/0005_enrichment_adjudication.sql,configured_enrichment_sqlite
ReviewEvent,enrichment_protocol_version,enrichment_calibration_receipts,protocol_version,TEXT,0,False,,curator-app/migrations/0005_enrichment_adjudication.sql,configured_enrichment_sqlite
ReviewEvent,enrichment_codebook_version,enrichment_calibration_receipts,codebook_version,TEXT,0,False,,curator-app/migrations/0005_enrichment_adjudication.sql,configured_enrichment_sqlite
ReviewEvent,extraction_model,enrichment_calibration_receipts,model,TEXT,0,False,,curator-app/migrations/0005_enrichment_adjudication.sql,configured_enrichment_sqlite
ReviewEvent,extraction_prompt_sha256,enrichment_calibration_receipts,prompt_sha256,TEXT,0,False,,curator-app/migrations/0005_enrichment_adjudication.sql,configured_enrichment_sqlite
ReviewEvent,cile:benchmarkSha256,enrichment_calibration_receipts,benchmark_sha256,TEXT,0,False,,curator-app/migrations/0005_enrichment_adjudication.sql,configured_enrichment_sqlite
ReviewEvent,cile:metricsSha256,enrichment_calibration_receipts,metrics_sha256,TEXT,0,False,,curator-app/migrations/0005_enrichment_adjudication.sql,configured_enrichment_sqlite
ReviewEvent,cile:benchmarkSize,enrichment_calibration_receipts,benchmark_size,INTEGER,0,False,,curator-app/migrations/0005_enrichment_adjudication.sql,configured_enrichment_sqlite
ReviewEvent,cile:referenceCheckedCases,enrichment_calibration_receipts,reference_checked_cases,INTEGER,0,False,,curator-app/migrations/0005_enrichment_adjudication.sql,configured_enrichment_sqlite
ReviewEvent,cile:fullTextCases,enrichment_calibration_receipts,full_text_cases,INTEGER,0,False,,curator-app/migrations/0005_enrichment_adjudication.sql,configured_enrichment_sqlite
ReviewEvent,cile:hardCases,enrichment_calibration_receipts,hard_cases,INTEGER,0,False,,curator-app/migrations/0005_enrichment_adjudication.sql,configured_enrichment_sqlite
ReviewEvent,v2_manifest_sha256,enrichment_calibration_receipts,manifest_sha256,TEXT,0,False,,curator-app/migrations/0005_enrichment_adjudication.sql,configured_enrichment_sqlite
ReviewEvent,v2_repository,enrichment_calibration_receipts,repository,TEXT,0,False,,curator-app/migrations/0005_enrichment_adjudication.sql,configured_enrichment_sqlite
ReviewEvent,v2_pr_number,enrichment_calibration_receipts,pr_number,INTEGER,0,False,,curator-app/migrations/0005_enrichment_adjudication.sql,configured_enrichment_sqlite
ReviewEvent,v2_reviewed_commit,enrichment_calibration_receipts,reviewed_commit,TEXT,0,False,,curator-app/migrations/0005_enrichment_adjudication.sql,configured_enrichment_sqlite
ReviewEvent,v2_human_login,enrichment_calibration_receipts,human_login,TEXT,0,False,,curator-app/migrations/0005_enrichment_adjudication.sql,configured_enrichment_sqlite
ReviewEvent,v2_human_review_id,enrichment_calibration_receipts,human_review_id,TEXT,0,False,,curator-app/migrations/0005_enrichment_adjudication.sql,configured_enrichment_sqlite
ReviewEvent,v2_approved_at,enrichment_calibration_receipts,approved_at,TEXT,0,False,,curator-app/migrations/0005_enrichment_adjudication.sql,configured_enrichment_sqlite
ReviewEvent,v2_imported_at,enrichment_calibration_receipts,imported_at,TEXT,0,False,,curator-app/migrations/0005_enrichment_adjudication.sql,configured_enrichment_sqlite
CitationCoverage,enrichment_coverage_id,enrichment_citation_coverage,coverage_id,TEXT,1,True,,curator-app/migrations/0003_paper_enrichment.sql,configured_enrichment_sqlite
CitationCoverage,enrichment_target_id,enrichment_citation_coverage,target_id,TEXT,0,False,,curator-app/migrations/0003_paper_enrichment.sql,configured_enrichment_sqlite
CitationCoverage,enrichment_input_sha256,enrichment_citation_coverage,input_sha256,TEXT,0,False,,curator-app/migrations/0003_paper_enrichment.sql,configured_enrichment_sqlite
CitationCoverage,enrichment_provider,enrichment_citation_coverage,provider,TEXT,0,False,,curator-app/migrations/0003_paper_enrichment.sql,configured_enrichment_sqlite
CitationCoverage,enrichment_direction,enrichment_citation_coverage,direction,TEXT,0,False,,curator-app/migrations/0003_paper_enrichment.sql,configured_enrichment_sqlite
CitationCoverage,enrichment_snapshot_id,enrichment_citation_coverage,snapshot_id,TEXT,0,False,,curator-app/migrations/0003_paper_enrichment.sql,configured_enrichment_sqlite
CitationCoverage,enrichment_source_url,enrichment_citation_coverage,source_url,TEXT,0,False,,curator-app/migrations/0003_paper_enrichment.sql,configured_enrichment_sqlite
CitationCoverage,enrichment_returned_count,enrichment_citation_coverage,returned_count,INTEGER,0,False,,curator-app/migrations/0003_paper_enrichment.sql,configured_enrichment_sqlite
CitationCoverage,enrichment_provider_count,enrichment_citation_coverage,provider_count,INTEGER,0,True,,curator-app/migrations/0003_paper_enrichment.sql,configured_enrichment_sqlite
CitationCoverage,enrichment_next_cursor,enrichment_citation_coverage,next_cursor,TEXT,0,True,,curator-app/migrations/0003_paper_enrichment.sql,configured_enrichment_sqlite
CitationCoverage,enrichment_status,enrichment_citation_coverage,status,TEXT,0,False,,curator-app/migrations/0003_paper_enrichment.sql,configured_enrichment_sqlite
CitationCoverage,enrichment_observed_at,enrichment_citation_coverage,observed_at,TEXT,0,False,,curator-app/migrations/0003_paper_enrichment.sql,configured_enrichment_sqlite
CitationObservation,enrichment_observation_id,enrichment_citation_observations,observation_id,TEXT,1,True,,curator-app/migrations/0003_paper_enrichment.sql,configured_enrichment_sqlite
CitationObservation,enrichment_target_id,enrichment_citation_observations,target_id,TEXT,0,False,,curator-app/migrations/0003_paper_enrichment.sql,configured_enrichment_sqlite
CitationObservation,enrichment_input_sha256,enrichment_citation_observations,input_sha256,TEXT,0,False,,curator-app/migrations/0003_paper_enrichment.sql,configured_enrichment_sqlite
CitationObservation,enrichment_provider,enrichment_citation_observations,provider,TEXT,0,False,,curator-app/migrations/0003_paper_enrichment.sql,configured_enrichment_sqlite
CitationObservation,enrichment_direction,enrichment_citation_observations,direction,TEXT,0,False,,curator-app/migrations/0003_paper_enrichment.sql,configured_enrichment_sqlite
CitationObservation,enrichment_citing_identifier,enrichment_citation_observations,citing_identifier,TEXT,0,False,,curator-app/migrations/0003_paper_enrichment.sql,configured_enrichment_sqlite
CitationObservation,enrichment_cited_identifier,enrichment_citation_observations,cited_identifier,TEXT,0,False,,curator-app/migrations/0003_paper_enrichment.sql,configured_enrichment_sqlite
CitationObservation,enrichment_snapshot_id,enrichment_citation_observations,snapshot_id,TEXT,0,False,,curator-app/migrations/0003_paper_enrichment.sql,configured_enrichment_sqlite
CitationObservation,enrichment_source_url,enrichment_citation_observations,source_url,TEXT,0,False,,curator-app/migrations/0003_paper_enrichment.sql,configured_enrichment_sqlite
CitationObservation,enrichment_observed_at,enrichment_citation_observations,observed_at,TEXT,0,False,,curator-app/migrations/0003_paper_enrichment.sql,configured_enrichment_sqlite
StudyDatasetUse,enrichment_proposal_id,enrichment_datasets,proposal_id,TEXT,1,False,,curator-app/migrations/0003_paper_enrichment.sql,configured_enrichment_sqlite
StudyDatasetUse,enrichment_study_id,enrichment_datasets,study_id,TEXT,0,False,,curator-app/migrations/0003_paper_enrichment.sql,configured_enrichment_sqlite
StudyDatasetUse,enrichment_dataset_id,enrichment_datasets,dataset_id,TEXT,2,False,,curator-app/migrations/0003_paper_enrichment.sql,configured_enrichment_sqlite
StudyDatasetUse,enrichment_payload_json,enrichment_datasets,payload_json,TEXT,0,False,,curator-app/migrations/0003_paper_enrichment.sql,configured_enrichment_sqlite
Manifestation,cile:document_id,enrichment_documents,document_id,TEXT,1,True,,curator-app/migrations/0006_enrichment_delivery_assets.sql,configured_enrichment_sqlite
Manifestation,cile:target_id,enrichment_documents,target_id,TEXT,0,False,,curator-app/migrations/0006_enrichment_delivery_assets.sql,configured_enrichment_sqlite
Manifestation,cile:input_sha256,enrichment_documents,input_sha256,TEXT,0,False,,curator-app/migrations/0006_enrichment_delivery_assets.sql,configured_enrichment_sqlite
Manifestation,cile:source_id,enrichment_documents,source_id,TEXT,0,False,,curator-app/migrations/0006_enrichment_delivery_assets.sql,configured_enrichment_sqlite
Manifestation,cile:source_url,enrichment_documents,source_url,TEXT,0,False,,curator-app/migrations/0006_enrichment_delivery_assets.sql,configured_enrichment_sqlite
Manifestation,cile:pdf_sha256,enrichment_documents,pdf_sha256,TEXT,0,False,,curator-app/migrations/0006_enrichment_delivery_assets.sql,configured_enrichment_sqlite
Manifestation,cile:source_text_sha256,enrichment_documents,source_text_sha256,TEXT,0,False,,curator-app/migrations/0006_enrichment_delivery_assets.sql,configured_enrichment_sqlite
Manifestation,cile:byte_length,enrichment_documents,byte_length,INTEGER,0,False,,curator-app/migrations/0006_enrichment_delivery_assets.sql,configured_enrichment_sqlite
Manifestation,cile:storage_key,enrichment_documents,storage_key,TEXT,0,False,,curator-app/migrations/0006_enrichment_delivery_assets.sql,configured_enrichment_sqlite
Manifestation,cile:version_label,enrichment_documents,version_label,TEXT,0,False,,curator-app/migrations/0006_enrichment_delivery_assets.sql,configured_enrichment_sqlite
Manifestation,cile:retention_basis,enrichment_documents,retention_basis,TEXT,0,False,,curator-app/migrations/0006_enrichment_delivery_assets.sql,configured_enrichment_sqlite
Manifestation,cile:licence_status,enrichment_documents,licence_status,TEXT,0,False,,curator-app/migrations/0006_enrichment_delivery_assets.sql,configured_enrichment_sqlite
Manifestation,cile:licence_url,enrichment_documents,licence_url,TEXT,0,True,,curator-app/migrations/0006_enrichment_delivery_assets.sql,configured_enrichment_sqlite
Manifestation,cile:attribution,enrichment_documents,attribution,TEXT,0,False,,curator-app/migrations/0006_enrichment_delivery_assets.sql,configured_enrichment_sqlite
Manifestation,cile:visibility,enrichment_documents,visibility,TEXT,0,False,,curator-app/migrations/0006_enrichment_delivery_assets.sql,configured_enrichment_sqlite
Manifestation,cile:rights_verified,enrichment_documents,rights_verified,INTEGER,0,False,,curator-app/migrations/0006_enrichment_delivery_assets.sql,configured_enrichment_sqlite
Manifestation,cile:observed_at,enrichment_documents,observed_at,TEXT,0,False,,curator-app/migrations/0006_enrichment_delivery_assets.sql,configured_enrichment_sqlite
ReportedFinding,enrichment_proposal_id,enrichment_findings,proposal_id,TEXT,1,False,,curator-app/migrations/0003_paper_enrichment.sql,configured_enrichment_sqlite
ReportedFinding,enrichment_analysis_id,enrichment_findings,analysis_id,TEXT,0,False,,curator-app/migrations/0003_paper_enrichment.sql,configured_enrichment_sqlite
ReportedFinding,enrichment_finding_id,enrichment_findings,finding_id,TEXT,2,False,,curator-app/migrations/0003_paper_enrichment.sql,configured_enrichment_sqlite
ReportedFinding,enrichment_payload_json,enrichment_findings,payload_json,TEXT,0,False,,curator-app/migrations/0003_paper_enrichment.sql,configured_enrichment_sqlite
ClinicalContributionProposal,enrichment_proposal_id,enrichment_framework_proposals,proposal_id,TEXT,1,True,,curator-app/migrations/0003_paper_enrichment.sql,configured_enrichment_sqlite
ClinicalContributionProposal,enrichment_primary_category,enrichment_framework_proposals,primary_category,TEXT,0,True,,curator-app/migrations/0003_paper_enrichment.sql,configured_enrichment_sqlite
ClinicalContributionProposal,enrichment_classification_status,enrichment_framework_proposals,classification_status,TEXT,0,False,,curator-app/migrations/0003_paper_enrichment.sql,configured_enrichment_sqlite
ClinicalContributionProposal,enrichment_payload_json,enrichment_framework_proposals,payload_json,TEXT,0,False,,curator-app/migrations/0003_paper_enrichment.sql,configured_enrichment_sqlite
EnrichmentInputSnapshot,enrichment_input_id,enrichment_inputs,input_id,TEXT,1,True,,curator-app/migrations/0003_paper_enrichment.sql,configured_enrichment_sqlite
EnrichmentInputSnapshot,enrichment_target_id,enrichment_inputs,target_id,TEXT,0,False,,curator-app/migrations/0003_paper_enrichment.sql,configured_enrichment_sqlite
EnrichmentInputSnapshot,enrichment_input_sha256,enrichment_inputs,input_sha256,TEXT,0,False,,curator-app/migrations/0003_paper_enrichment.sql,configured_enrichment_sqlite
EnrichmentInputSnapshot,enrichment_record_json,enrichment_inputs,record_json,TEXT,0,False,,curator-app/migrations/0003_paper_enrichment.sql,configured_enrichment_sqlite
EnrichmentInputSnapshot,enrichment_observed_at,enrichment_inputs,observed_at,TEXT,0,False,,curator-app/migrations/0003_paper_enrichment.sql,configured_enrichment_sqlite
EnrichmentIterationAttempt,schedule_schedule_id,enrichment_iteration_attempts,schedule_id,TEXT,1,False,,curator-app/migrations/0004_enrichment_schedule.sql,configured_enrichment_sqlite
EnrichmentIterationAttempt,schedule_scheduled_at,enrichment_iteration_attempts,scheduled_at,INTEGER,2,False,,curator-app/migrations/0004_enrichment_schedule.sql,configured_enrichment_sqlite
EnrichmentIterationAttempt,schedule_attempt,enrichment_iteration_attempts,attempt,INTEGER,3,False,,curator-app/migrations/0004_enrichment_schedule.sql,configured_enrichment_sqlite
EnrichmentIterationAttempt,enrichment_lease_token,enrichment_iteration_attempts,lease_token,TEXT,0,False,,curator-app/migrations/0004_enrichment_schedule.sql,configured_enrichment_sqlite
EnrichmentIterationAttempt,schedule_started_at,enrichment_iteration_attempts,started_at,INTEGER,0,False,,curator-app/migrations/0004_enrichment_schedule.sql,configured_enrichment_sqlite
EnrichmentIterationAttempt,schedule_finished_at,enrichment_iteration_attempts,finished_at,INTEGER,0,True,,curator-app/migrations/0004_enrichment_schedule.sql,configured_enrichment_sqlite
EnrichmentIterationAttempt,schedule_outcome,enrichment_iteration_attempts,outcome,TEXT,0,False,,curator-app/migrations/0004_enrichment_schedule.sql,configured_enrichment_sqlite
EnrichmentIterationAttempt,enrichment_run_id,enrichment_iteration_attempts,run_id,TEXT,0,True,,curator-app/migrations/0004_enrichment_schedule.sql,configured_enrichment_sqlite
EnrichmentIterationAttempt,enrichment_error_code,enrichment_iteration_attempts,error_code,TEXT,0,True,,curator-app/migrations/0004_enrichment_schedule.sql,configured_enrichment_sqlite
EnrichmentIteration,schedule_schedule_id,enrichment_iterations,schedule_id,TEXT,1,False,,curator-app/migrations/0004_enrichment_schedule.sql,configured_enrichment_sqlite
EnrichmentIteration,schedule_scheduled_at,enrichment_iterations,scheduled_at,INTEGER,2,False,,curator-app/migrations/0004_enrichment_schedule.sql,configured_enrichment_sqlite
EnrichmentIteration,schedule_materialised_at,enrichment_iterations,materialised_at,INTEGER,0,False,,curator-app/migrations/0004_enrichment_schedule.sql,configured_enrichment_sqlite
EnrichmentIteration,schedule_status,enrichment_iterations,status,TEXT,0,False,,curator-app/migrations/0004_enrichment_schedule.sql,configured_enrichment_sqlite
EnrichmentIteration,schedule_attempts,enrichment_iterations,attempts,INTEGER,0,False,0,curator-app/migrations/0004_enrichment_schedule.sql,configured_enrichment_sqlite
EnrichmentIteration,enrichment_lease_token,enrichment_iterations,lease_token,TEXT,0,True,,curator-app/migrations/0004_enrichment_schedule.sql,configured_enrichment_sqlite
EnrichmentIteration,schedule_lease_until,enrichment_iterations,lease_until,INTEGER,0,True,,curator-app/migrations/0004_enrichment_schedule.sql,configured_enrichment_sqlite
EnrichmentIteration,schedule_retry_at,enrichment_iterations,retry_at,INTEGER,0,False,,curator-app/migrations/0004_enrichment_schedule.sql,configured_enrichment_sqlite
EnrichmentIteration,schedule_started_at,enrichment_iterations,started_at,INTEGER,0,True,,curator-app/migrations/0004_enrichment_schedule.sql,configured_enrichment_sqlite
EnrichmentIteration,schedule_finished_at,enrichment_iterations,finished_at,INTEGER,0,True,,curator-app/migrations/0004_enrichment_schedule.sql,configured_enrichment_sqlite
EnrichmentIteration,enrichment_run_id,enrichment_iterations,run_id,TEXT,0,True,,curator-app/migrations/0004_enrichment_schedule.sql,configured_enrichment_sqlite
EnrichmentIteration,enrichment_error_code,enrichment_iterations,error_code,TEXT,0,True,,curator-app/migrations/0004_enrichment_schedule.sql,configured_enrichment_sqlite
EnrichmentJob,enrichment_job_id,enrichment_jobs,job_id,TEXT,1,True,,curator-app/migrations/0003_paper_enrichment.sql,configured_enrichment_sqlite
EnrichmentJob,enrichment_target_id,enrichment_jobs,target_id,TEXT,0,False,,curator-app/migrations/0003_paper_enrichment.sql,configured_enrichment_sqlite
EnrichmentJob,enrichment_input_sha256,enrichment_jobs,input_sha256,TEXT,0,False,,curator-app/migrations/0003_paper_enrichment.sql,configured_enrichment_sqlite
EnrichmentJob,enrichment_kind,enrichment_jobs,kind,TEXT,0,False,,curator-app/migrations/0003_paper_enrichment.sql,configured_enrichment_sqlite
EnrichmentJob,enrichment_protocol_version,enrichment_jobs,protocol_version,TEXT,0,False,,curator-app/migrations/0003_paper_enrichment.sql,configured_enrichment_sqlite
EnrichmentJob,enrichment_status,enrichment_jobs,status,TEXT,0,False,,curator-app/migrations/0003_paper_enrichment.sql,configured_enrichment_sqlite
EnrichmentJob,enrichment_failure_streak,enrichment_jobs,failure_streak,INTEGER,0,False,0,curator-app/migrations/0003_paper_enrichment.sql,configured_enrichment_sqlite
EnrichmentJob,enrichment_attempts_total,enrichment_jobs,attempts_total,INTEGER,0,False,0,curator-app/migrations/0003_paper_enrichment.sql,configured_enrichment_sqlite
EnrichmentJob,enrichment_due_at,enrichment_jobs,due_at,TEXT,0,True,,curator-app/migrations/0003_paper_enrichment.sql,configured_enrichment_sqlite
EnrichmentJob,enrichment_lease_until,enrichment_jobs,lease_until,TEXT,0,True,,curator-app/migrations/0003_paper_enrichment.sql,configured_enrichment_sqlite
EnrichmentJob,enrichment_lease_token,enrichment_jobs,lease_token,TEXT,0,True,,curator-app/migrations/0003_paper_enrichment.sql,configured_enrichment_sqlite
EnrichmentJob,enrichment_checkpoint_json,enrichment_jobs,checkpoint_json,TEXT,0,False,'{}',curator-app/migrations/0003_paper_enrichment.sql,configured_enrichment_sqlite
EnrichmentJob,enrichment_error_code,enrichment_jobs,error_code,TEXT,0,True,,curator-app/migrations/0003_paper_enrichment.sql,configured_enrichment_sqlite
EnrichmentJob,enrichment_updated_at,enrichment_jobs,updated_at,TEXT,0,False,,curator-app/migrations/0003_paper_enrichment.sql,configured_enrichment_sqlite
ScientificExtractionProposal,enrichment_proposal_id,enrichment_proposals,proposal_id,TEXT,1,True,,curator-app/migrations/0003_paper_enrichment.sql,configured_enrichment_sqlite
ScientificExtractionProposal,enrichment_target_id,enrichment_proposals,target_id,TEXT,0,False,,curator-app/migrations/0003_paper_enrichment.sql,configured_enrichment_sqlite
ScientificExtractionProposal,enrichment_input_sha256,enrichment_proposals,input_sha256,TEXT,0,False,,curator-app/migrations/0003_paper_enrichment.sql,configured_enrichment_sqlite
ScientificExtractionProposal,enrichment_protocol_version,enrichment_proposals,protocol_version,TEXT,0,False,,curator-app/migrations/0003_paper_enrichment.sql,configured_enrichment_sqlite
ScientificExtractionProposal,enrichment_codebook_version,enrichment_proposals,codebook_version,TEXT,0,False,,curator-app/migrations/0003_paper_enrichment.sql,configured_enrichment_sqlite
ScientificExtractionProposal,enrichment_payload_sha256,enrichment_proposals,payload_sha256,TEXT,0,False,,curator-app/migrations/0003_paper_enrichment.sql,configured_enrichment_sqlite
ScientificExtractionProposal,enrichment_payload_json,enrichment_proposals,payload_json,TEXT,0,False,,curator-app/migrations/0003_paper_enrichment.sql,configured_enrichment_sqlite
ScientificExtractionProposal,enrichment_generated_by,enrichment_proposals,generated_by,TEXT,0,False,,curator-app/migrations/0003_paper_enrichment.sql,configured_enrichment_sqlite
ScientificExtractionProposal,enrichment_created_at,enrichment_proposals,created_at,TEXT,0,False,,curator-app/migrations/0003_paper_enrichment.sql,configured_enrichment_sqlite
EnrichmentRun,enrichment_run_id,enrichment_runs,run_id,TEXT,1,True,,curator-app/migrations/0003_paper_enrichment.sql,configured_enrichment_sqlite
EnrichmentRun,enrichment_cycle_id,enrichment_runs,cycle_id,TEXT,0,False,,curator-app/migrations/0003_paper_enrichment.sql,configured_enrichment_sqlite
EnrichmentRun,enrichment_scheduled_slot,enrichment_runs,scheduled_slot,TEXT,0,False,,curator-app/migrations/0003_paper_enrichment.sql,configured_enrichment_sqlite
EnrichmentRun,enrichment_started_at,enrichment_runs,started_at,TEXT,0,False,,curator-app/migrations/0003_paper_enrichment.sql,configured_enrichment_sqlite
EnrichmentRun,enrichment_finished_at,enrichment_runs,finished_at,TEXT,0,True,,curator-app/migrations/0003_paper_enrichment.sql,configured_enrichment_sqlite
EnrichmentRun,enrichment_lease_until,enrichment_runs,lease_until,TEXT,0,False,,curator-app/migrations/0003_paper_enrichment.sql,configured_enrichment_sqlite
EnrichmentRun,enrichment_status,enrichment_runs,status,TEXT,0,False,,curator-app/migrations/0003_paper_enrichment.sql,configured_enrichment_sqlite
EnrichmentRun,enrichment_selected_job_id,enrichment_runs,selected_job_id,TEXT,0,True,,curator-app/migrations/0003_paper_enrichment.sql,configured_enrichment_sqlite
EnrichmentRun,enrichment_error_code,enrichment_runs,error_code,TEXT,0,True,,curator-app/migrations/0003_paper_enrichment.sql,configured_enrichment_sqlite
EnrichmentSchedule,schedule_schedule_id,enrichment_schedules,schedule_id,TEXT,1,True,,curator-app/migrations/0004_enrichment_schedule.sql,configured_enrichment_sqlite
EnrichmentSchedule,enrichment_protocol_version,enrichment_schedules,protocol_version,TEXT,0,False,,curator-app/migrations/0004_enrichment_schedule.sql,configured_enrichment_sqlite
EnrichmentSchedule,schedule_first_slot,enrichment_schedules,first_slot,INTEGER,0,False,,curator-app/migrations/0004_enrichment_schedule.sql,configured_enrichment_sqlite
EnrichmentSchedule,schedule_next_slot,enrichment_schedules,next_slot,INTEGER,0,False,,curator-app/migrations/0004_enrichment_schedule.sql,configured_enrichment_sqlite
EnrichmentSchedule,schedule_created_at,enrichment_schedules,created_at,INTEGER,0,False,,curator-app/migrations/0004_enrichment_schedule.sql,configured_enrichment_sqlite
EnrichmentSource,enrichment_source_id,enrichment_sources,source_id,TEXT,1,True,,curator-app/migrations/0003_paper_enrichment.sql,configured_enrichment_sqlite
EnrichmentSource,enrichment_target_id,enrichment_sources,target_id,TEXT,0,False,,curator-app/migrations/0003_paper_enrichment.sql,configured_enrichment_sqlite
EnrichmentSource,enrichment_input_sha256,enrichment_sources,input_sha256,TEXT,0,False,,curator-app/migrations/0003_paper_enrichment.sql,configured_enrichment_sqlite
EnrichmentSource,enrichment_provider,enrichment_sources,provider,TEXT,0,False,,curator-app/migrations/0003_paper_enrichment.sql,configured_enrichment_sqlite
EnrichmentSource,enrichment_source_url,enrichment_sources,source_url,TEXT,0,False,,curator-app/migrations/0003_paper_enrichment.sql,configured_enrichment_sqlite
EnrichmentSource,enrichment_evidence_kind,enrichment_sources,evidence_kind,TEXT,0,False,,curator-app/migrations/0003_paper_enrichment.sql,configured_enrichment_sqlite
EnrichmentSource,enrichment_content_sha256,enrichment_sources,content_sha256,TEXT,0,False,,curator-app/migrations/0003_paper_enrichment.sql,configured_enrichment_sqlite
EnrichmentSource,enrichment_storage_key,enrichment_sources,storage_key,TEXT,0,False,,curator-app/migrations/0003_paper_enrichment.sql,configured_enrichment_sqlite
EnrichmentSource,enrichment_version_label,enrichment_sources,version_label,TEXT,0,False,,curator-app/migrations/0003_paper_enrichment.sql,configured_enrichment_sqlite
EnrichmentSource,enrichment_language,enrichment_sources,language,TEXT,0,True,,curator-app/migrations/0003_paper_enrichment.sql,configured_enrichment_sqlite
EnrichmentSource,enrichment_retention_basis,enrichment_sources,retention_basis,TEXT,0,False,,curator-app/migrations/0003_paper_enrichment.sql,configured_enrichment_sqlite
EnrichmentSource,enrichment_licence_status,enrichment_sources,licence_status,TEXT,0,False,,curator-app/migrations/0003_paper_enrichment.sql,configured_enrichment_sqlite
EnrichmentSource,enrichment_observed_at,enrichment_sources,observed_at,TEXT,0,False,,curator-app/migrations/0003_paper_enrichment.sql,configured_enrichment_sqlite
ReportedStudy,enrichment_proposal_id,enrichment_studies,proposal_id,TEXT,1,False,,curator-app/migrations/0003_paper_enrichment.sql,configured_enrichment_sqlite
ReportedStudy,enrichment_study_id,enrichment_studies,study_id,TEXT,2,False,,curator-app/migrations/0003_paper_enrichment.sql,configured_enrichment_sqlite
ReportedStudy,enrichment_payload_json,enrichment_studies,payload_json,TEXT,0,False,,curator-app/migrations/0003_paper_enrichment.sql,configured_enrichment_sqlite
EnrichmentTarget,enrichment_target_id,enrichment_targets,target_id,TEXT,1,True,,curator-app/migrations/0003_paper_enrichment.sql,configured_enrichment_sqlite
EnrichmentTarget,enrichment_cycle_id,enrichment_targets,cycle_id,TEXT,0,False,,curator-app/migrations/0003_paper_enrichment.sql,configured_enrichment_sqlite
EnrichmentTarget,enrichment_record_namespace,enrichment_targets,record_namespace,TEXT,0,False,,curator-app/migrations/0003_paper_enrichment.sql,configured_enrichment_sqlite
EnrichmentTarget,enrichment_record_id,enrichment_targets,record_id,TEXT,0,False,,curator-app/migrations/0003_paper_enrichment.sql,configured_enrichment_sqlite
EnrichmentTarget,enrichment_input_sha256,enrichment_targets,input_sha256,TEXT,0,False,,curator-app/migrations/0003_paper_enrichment.sql,configured_enrichment_sqlite
EnrichmentTarget,enrichment_record_json,enrichment_targets,record_json,TEXT,0,False,,curator-app/migrations/0003_paper_enrichment.sql,configured_enrichment_sqlite
EnrichmentTarget,enrichment_active,enrichment_targets,active,INTEGER,0,False,1,curator-app/migrations/0003_paper_enrichment.sql,configured_enrichment_sqlite
EnrichmentTarget,enrichment_first_seen_at,enrichment_targets,first_seen_at,TEXT,0,False,,curator-app/migrations/0003_paper_enrichment.sql,configured_enrichment_sqlite
EnrichmentTarget,enrichment_updated_at,enrichment_targets,updated_at,TEXT,0,False,,curator-app/migrations/0003_paper_enrichment.sql,configured_enrichment_sqlite
AnalysisVariableUse,enrichment_proposal_id,enrichment_variable_uses,proposal_id,TEXT,1,False,,curator-app/migrations/0003_paper_enrichment.sql,configured_enrichment_sqlite
AnalysisVariableUse,enrichment_analysis_id,enrichment_variable_uses,analysis_id,TEXT,0,False,,curator-app/migrations/0003_paper_enrichment.sql,configured_enrichment_sqlite
AnalysisVariableUse,enrichment_variable_use_id,enrichment_variable_uses,variable_use_id,TEXT,2,False,,curator-app/migrations/0003_paper_enrichment.sql,configured_enrichment_sqlite
AnalysisVariableUse,enrichment_payload_json,enrichment_variable_uses,payload_json,TEXT,0,False,,curator-app/migrations/0003_paper_enrichment.sql,configured_enrichment_sqlite
Evidence,v2_review_id,evidence_sources,review_id,TEXT,1,False,,curator-app/migrations/0001_review_v2.sql,prepared_v2_not_runtime_verified
Evidence,v2_evidence_id,evidence_sources,evidence_id,TEXT,2,False,,curator-app/migrations/0001_review_v2.sql,prepared_v2_not_runtime_verified
Evidence,v2_candidate_id,evidence_sources,candidate_id,TEXT,0,False,,curator-app/migrations/0001_review_v2.sql,prepared_v2_not_runtime_verified
Evidence,v2_manifestation_id,evidence_sources,manifestation_id,TEXT,0,True,,curator-app/migrations/0001_review_v2.sql,prepared_v2_not_runtime_verified
Evidence,v2_attempt_id,evidence_sources,attempt_id,TEXT,0,True,,curator-app/migrations/0001_review_v2.sql,prepared_v2_not_runtime_verified
Evidence,v2_source_url,evidence_sources,source_url,TEXT,0,False,,curator-app/migrations/0001_review_v2.sql,prepared_v2_not_runtime_verified
Evidence,v2_evidence_kind,evidence_sources,evidence_kind,TEXT,0,False,,curator-app/migrations/0001_review_v2.sql,prepared_v2_not_runtime_verified
Evidence,v2_identity_state,evidence_sources,identity_state,TEXT,0,False,,curator-app/migrations/0001_review_v2.sql,prepared_v2_not_runtime_verified
Evidence,v2_content_sha256,evidence_sources,content_sha256,TEXT,0,False,,curator-app/migrations/0001_review_v2.sql,prepared_v2_not_runtime_verified
Evidence,v2_storage_key,evidence_sources,storage_key,TEXT,0,False,,curator-app/migrations/0001_review_v2.sql,prepared_v2_not_runtime_verified
Evidence,v2_rights_basis,evidence_sources,rights_basis,TEXT,0,False,,curator-app/migrations/0001_review_v2.sql,prepared_v2_not_runtime_verified
Evidence,v2_observed_at,evidence_sources,observed_at,TEXT,0,False,,curator-app/migrations/0001_review_v2.sql,prepared_v2_not_runtime_verified
EvidenceSpan,v2_review_id,evidence_spans,review_id,TEXT,1,False,,curator-app/migrations/0001_review_v2.sql,prepared_v2_not_runtime_verified
EvidenceSpan,v2_span_id,evidence_spans,span_id,TEXT,2,False,,curator-app/migrations/0001_review_v2.sql,prepared_v2_not_runtime_verified
EvidenceSpan,v2_evidence_id,evidence_spans,evidence_id,TEXT,0,False,,curator-app/migrations/0001_review_v2.sql,prepared_v2_not_runtime_verified
EvidenceSpan,v2_locator,evidence_spans,locator,TEXT,0,False,,curator-app/migrations/0001_review_v2.sql,prepared_v2_not_runtime_verified
EvidenceSpan,v2_start_offset,evidence_spans,start_offset,INTEGER,0,False,,curator-app/migrations/0001_review_v2.sql,prepared_v2_not_runtime_verified
EvidenceSpan,v2_end_offset,evidence_spans,end_offset,INTEGER,0,False,,curator-app/migrations/0001_review_v2.sql,prepared_v2_not_runtime_verified
EvidenceSpan,v2_text_sha256,evidence_spans,text_sha256,TEXT,0,False,,curator-app/migrations/0001_review_v2.sql,prepared_v2_not_runtime_verified
Expression,v2_expression_id,expressions,expression_id,TEXT,1,False,,curator-app/migrations/0001_review_v2.sql,prepared_v2_not_runtime_verified
Expression,v2_work_id,expressions,work_id,TEXT,0,False,,curator-app/migrations/0001_review_v2.sql,prepared_v2_not_runtime_verified
Expression,v2_version_type,expressions,version_type,TEXT,0,False,,curator-app/migrations/0001_review_v2.sql,prepared_v2_not_runtime_verified
Expression,v2_version_label,expressions,version_label,TEXT,0,True,,curator-app/migrations/0001_review_v2.sql,prepared_v2_not_runtime_verified
Expression,v2_language,expressions,language,TEXT,0,True,,curator-app/migrations/0001_review_v2.sql,prepared_v2_not_runtime_verified
Expression,v2_publication_date,expressions,publication_date,TEXT,0,True,,curator-app/migrations/0001_review_v2.sql,prepared_v2_not_runtime_verified
Expression,v2_date_precision,expressions,date_precision,TEXT,0,True,,curator-app/migrations/0001_review_v2.sql,prepared_v2_not_runtime_verified
Expression,v2_venue_id,expressions,venue_id,TEXT,0,True,,curator-app/migrations/0001_review_v2.sql,prepared_v2_not_runtime_verified
Expression,v2_volume,expressions,volume,TEXT,0,True,,curator-app/migrations/0001_review_v2.sql,prepared_v2_not_runtime_verified
Expression,v2_issue,expressions,issue,TEXT,0,True,,curator-app/migrations/0001_review_v2.sql,prepared_v2_not_runtime_verified
Expression,v2_page_start,expressions,page_start,TEXT,0,True,,curator-app/migrations/0001_review_v2.sql,prepared_v2_not_runtime_verified
Expression,v2_page_end,expressions,page_end,TEXT,0,True,,curator-app/migrations/0001_review_v2.sql,prepared_v2_not_runtime_verified
Expression,v2_article_number,expressions,article_number,TEXT,0,True,,curator-app/migrations/0001_review_v2.sql,prepared_v2_not_runtime_verified
Expression,v2_edition,expressions,edition,TEXT,0,True,,curator-app/migrations/0001_review_v2.sql,prepared_v2_not_runtime_verified
Expression,v2_source_url,expressions,source_url,TEXT,0,False,,curator-app/migrations/0001_review_v2.sql,prepared_v2_not_runtime_verified
Expression,v2_observed_at,expressions,observed_at,TEXT,0,False,,curator-app/migrations/0001_review_v2.sql,prepared_v2_not_runtime_verified
LegacyReference,v2_review_id,legacy_references,review_id,TEXT,1,False,,curator-app/migrations/0001_review_v2.sql,prepared_v2_not_runtime_verified
LegacyReference,v2_candidate_id,legacy_references,candidate_id,TEXT,2,False,,curator-app/migrations/0001_review_v2.sql,prepared_v2_not_runtime_verified
LegacyReference,v2_legacy_id,legacy_references,legacy_id,TEXT,3,False,,curator-app/migrations/0001_review_v2.sql,prepared_v2_not_runtime_verified
LegacyReference,v2_snapshot_id,legacy_references,snapshot_id,TEXT,0,False,,curator-app/migrations/0001_review_v2.sql,prepared_v2_not_runtime_verified
LegacyReference,v2_match_basis,legacy_references,match_basis,TEXT,0,False,,curator-app/migrations/0001_review_v2.sql,prepared_v2_not_runtime_verified
LegacySnapshot,v2_snapshot_id,legacy_snapshots,snapshot_id,TEXT,1,False,,curator-app/migrations/0001_review_v2.sql,prepared_v2_not_runtime_verified
LegacySnapshot,v2_git_commit,legacy_snapshots,git_commit,TEXT,0,False,,curator-app/migrations/0001_review_v2.sql,prepared_v2_not_runtime_verified
LegacySnapshot,v2_manifest_sha256,legacy_snapshots,manifest_sha256,TEXT,0,False,,curator-app/migrations/0001_review_v2.sql,prepared_v2_not_runtime_verified
LegacySnapshot,v2_storage_key,legacy_snapshots,storage_key,TEXT,0,False,,curator-app/migrations/0001_review_v2.sql,prepared_v2_not_runtime_verified
LegacySnapshot,v2_external_state_complete,legacy_snapshots,external_state_complete,INTEGER,0,False,,curator-app/migrations/0001_review_v2.sql,prepared_v2_not_runtime_verified
LegacySnapshot,v2_restore_verified_at,legacy_snapshots,restore_verified_at,TEXT,0,True,,curator-app/migrations/0001_review_v2.sql,prepared_v2_not_runtime_verified
LegacySnapshot,v2_created_at,legacy_snapshots,created_at,TEXT,0,False,,curator-app/migrations/0001_review_v2.sql,prepared_v2_not_runtime_verified
Manifestation,v2_manifestation_id,manifestations,manifestation_id,TEXT,1,False,,curator-app/migrations/0001_review_v2.sql,prepared_v2_not_runtime_verified
Manifestation,v2_expression_id,manifestations,expression_id,TEXT,0,False,,curator-app/migrations/0001_review_v2.sql,prepared_v2_not_runtime_verified
Manifestation,v2_source_url,manifestations,source_url,TEXT,0,False,,curator-app/migrations/0001_review_v2.sql,prepared_v2_not_runtime_verified
Manifestation,v2_media_type,manifestations,media_type,TEXT,0,True,,curator-app/migrations/0001_review_v2.sql,prepared_v2_not_runtime_verified
Manifestation,v2_content_sha256,manifestations,content_sha256,TEXT,0,True,,curator-app/migrations/0001_review_v2.sql,prepared_v2_not_runtime_verified
Manifestation,v2_storage_key,manifestations,storage_key,TEXT,0,True,,curator-app/migrations/0001_review_v2.sql,prepared_v2_not_runtime_verified
Manifestation,v2_license_uri,manifestations,license_uri,TEXT,0,True,,curator-app/migrations/0001_review_v2.sql,prepared_v2_not_runtime_verified
Manifestation,v2_rights_basis,manifestations,rights_basis,TEXT,0,True,,curator-app/migrations/0001_review_v2.sql,prepared_v2_not_runtime_verified
Manifestation,v2_access_status,manifestations,access_status,TEXT,0,False,,curator-app/migrations/0001_review_v2.sql,prepared_v2_not_runtime_verified
Manifestation,v2_acquisition_status,manifestations,acquisition_status,TEXT,0,False,,curator-app/migrations/0001_review_v2.sql,prepared_v2_not_runtime_verified
Manifestation,v2_observed_at,manifestations,observed_at,TEXT,0,False,,curator-app/migrations/0001_review_v2.sql,prepared_v2_not_runtime_verified
MetadataAssertion,v2_assertion_id,metadata_assertions,assertion_id,TEXT,1,False,,curator-app/migrations/0001_review_v2.sql,prepared_v2_not_runtime_verified
MetadataAssertion,v2_work_id,metadata_assertions,work_id,TEXT,0,False,,curator-app/migrations/0001_review_v2.sql,prepared_v2_not_runtime_verified
MetadataAssertion,v2_expression_id,metadata_assertions,expression_id,TEXT,0,True,,curator-app/migrations/0001_review_v2.sql,prepared_v2_not_runtime_verified
MetadataAssertion,v2_field_uri,metadata_assertions,field_uri,TEXT,0,False,,curator-app/migrations/0001_review_v2.sql,prepared_v2_not_runtime_verified
MetadataAssertion,v2_value_json,metadata_assertions,value_json,TEXT,0,False,,curator-app/migrations/0001_review_v2.sql,prepared_v2_not_runtime_verified
MetadataAssertion,v2_source_url,metadata_assertions,source_url,TEXT,0,False,,curator-app/migrations/0001_review_v2.sql,prepared_v2_not_runtime_verified
MetadataAssertion,v2_observed_at,metadata_assertions,observed_at,TEXT,0,False,,curator-app/migrations/0001_review_v2.sql,prepared_v2_not_runtime_verified
MetadataAssertion,v2_attributed_to,metadata_assertions,attributed_to,TEXT,0,False,,curator-app/migrations/0001_review_v2.sql,prepared_v2_not_runtime_verified
MetadataAssertion,v2_assertion_status,metadata_assertions,assertion_status,TEXT,0,False,,curator-app/migrations/0001_review_v2.sql,prepared_v2_not_runtime_verified
MetadataAssertion,v2_supersedes_id,metadata_assertions,supersedes_id,TEXT,0,True,,curator-app/migrations/0001_review_v2.sql,prepared_v2_not_runtime_verified
ReviewEvent,v2_event_id,operational_events,event_id,TEXT,1,False,,curator-app/migrations/0001_review_v2.sql,prepared_v2_not_runtime_verified
ReviewEvent,v2_review_id,operational_events,review_id,TEXT,0,True,,curator-app/migrations/0001_review_v2.sql,prepared_v2_not_runtime_verified
ReviewEvent,v2_event_type,operational_events,event_type,TEXT,0,False,,curator-app/migrations/0001_review_v2.sql,prepared_v2_not_runtime_verified
ReviewEvent,v2_payload_json,operational_events,payload_json,TEXT,0,False,,curator-app/migrations/0001_review_v2.sql,prepared_v2_not_runtime_verified
ReviewEvent,v2_attributed_to,operational_events,attributed_to,TEXT,0,False,,curator-app/migrations/0001_review_v2.sql,prepared_v2_not_runtime_verified
ReviewEvent,v2_created_at,operational_events,created_at,TEXT,0,False,,curator-app/migrations/0001_review_v2.sql,prepared_v2_not_runtime_verified
OutboxMessage,v2_outbox_id,outbox,outbox_id,TEXT,1,False,,curator-app/migrations/0001_review_v2.sql,prepared_v2_not_runtime_verified
OutboxMessage,v2_review_id,outbox,review_id,TEXT,0,False,,curator-app/migrations/0001_review_v2.sql,prepared_v2_not_runtime_verified
OutboxMessage,v2_kind,outbox,kind,TEXT,0,False,,curator-app/migrations/0001_review_v2.sql,prepared_v2_not_runtime_verified
OutboxMessage,v2_payload_json,outbox,payload_json,TEXT,0,False,,curator-app/migrations/0001_review_v2.sql,prepared_v2_not_runtime_verified
OutboxMessage,v2_created_at,outbox,created_at,TEXT,0,False,,curator-app/migrations/0001_review_v2.sql,prepared_v2_not_runtime_verified
OutboxMessage,v2_delivered_at,outbox,delivered_at,TEXT,0,True,,curator-app/migrations/0001_review_v2.sql,prepared_v2_not_runtime_verified
OutboxMessage,v2_attempts,outbox,attempts,INTEGER,0,False,0,curator-app/migrations/0001_review_v2.sql,prepared_v2_not_runtime_verified
OutboxMessage,v2_last_error,outbox,last_error,TEXT,0,True,,curator-app/migrations/0001_review_v2.sql,prepared_v2_not_runtime_verified
PublicationState,v2_publication_id,publication_approvals_v2,publication_id,TEXT,1,False,,curator-app/migrations/0001_review_v2.sql,prepared_v2_not_runtime_verified
PublicationState,v2_decision_id,publication_approvals_v2,decision_id,TEXT,0,False,,curator-app/migrations/0001_review_v2.sql,prepared_v2_not_runtime_verified
PublicationState,v2_approved_payload_json,publication_approvals_v2,approved_payload_json,TEXT,0,False,,curator-app/migrations/0001_review_v2.sql,prepared_v2_not_runtime_verified
PublicationState,v2_payload_sha256,publication_approvals_v2,payload_sha256,TEXT,0,False,,curator-app/migrations/0001_review_v2.sql,prepared_v2_not_runtime_verified
PublicationState,v2_human_login,publication_approvals_v2,human_login,TEXT,0,False,,curator-app/migrations/0001_review_v2.sql,prepared_v2_not_runtime_verified
PublicationState,v2_reviewed_commit,publication_approvals_v2,reviewed_commit,TEXT,0,False,,curator-app/migrations/0001_review_v2.sql,prepared_v2_not_runtime_verified
PublicationState,v2_pr_number,publication_approvals_v2,pr_number,INTEGER,0,False,,curator-app/migrations/0001_review_v2.sql,prepared_v2_not_runtime_verified
PublicationState,v2_approved_at,publication_approvals_v2,approved_at,TEXT,0,False,,curator-app/migrations/0001_review_v2.sql,prepared_v2_not_runtime_verified
PublicationState,v2_publication_status,publication_approvals_v2,publication_status,TEXT,0,False,,curator-app/migrations/0001_review_v2.sql,prepared_v2_not_runtime_verified
PublicationState,v2_supersedes_id,publication_approvals_v2,supersedes_id,TEXT,0,True,,curator-app/migrations/0001_review_v2.sql,prepared_v2_not_runtime_verified
PublicationDeclaration,v2_declaration_id,publication_declarations,declaration_id,TEXT,1,False,,curator-app/migrations/0001_review_v2.sql,prepared_v2_not_runtime_verified
PublicationDeclaration,v2_expression_id,publication_declarations,expression_id,TEXT,0,False,,curator-app/migrations/0001_review_v2.sql,prepared_v2_not_runtime_verified
PublicationDeclaration,v2_declaration_type,publication_declarations,declaration_type,TEXT,0,False,,curator-app/migrations/0001_review_v2.sql,prepared_v2_not_runtime_verified
PublicationDeclaration,v2_statement,publication_declarations,statement,TEXT,0,False,,curator-app/migrations/0001_review_v2.sql,prepared_v2_not_runtime_verified
PublicationDeclaration,v2_source_url,publication_declarations,source_url,TEXT,0,False,,curator-app/migrations/0001_review_v2.sql,prepared_v2_not_runtime_verified
PublicationDeclaration,v2_locator,publication_declarations,locator,TEXT,0,False,,curator-app/migrations/0001_review_v2.sql,prepared_v2_not_runtime_verified
PublicationDeclaration,v2_observed_at,publication_declarations,observed_at,TEXT,0,False,,curator-app/migrations/0001_review_v2.sql,prepared_v2_not_runtime_verified
PublicationVenue,v2_venue_id,publication_venues,venue_id,TEXT,1,False,,curator-app/migrations/0001_review_v2.sql,prepared_v2_not_runtime_verified
PublicationVenue,v2_title,publication_venues,title,TEXT,0,False,,curator-app/migrations/0001_review_v2.sql,prepared_v2_not_runtime_verified
PublicationVenue,v2_venue_type,publication_venues,venue_type,TEXT,0,False,,curator-app/migrations/0001_review_v2.sql,prepared_v2_not_runtime_verified
PublicationVenue,v2_publisher_id,publication_venues,publisher_id,TEXT,0,True,,curator-app/migrations/0001_review_v2.sql,prepared_v2_not_runtime_verified
PublicationVenue,v2_parent_venue_id,publication_venues,parent_venue_id,TEXT,0,True,,curator-app/migrations/0001_review_v2.sql,prepared_v2_not_runtime_verified
QueryExecution,v2_execution_id,query_executions,execution_id,TEXT,1,False,,curator-app/migrations/0001_review_v2.sql,prepared_v2_not_runtime_verified
QueryExecution,v2_attempt_id,query_executions,attempt_id,TEXT,0,False,,curator-app/migrations/0001_review_v2.sql,prepared_v2_not_runtime_verified
QueryExecution,v2_review_id,query_executions,review_id,TEXT,0,False,,curator-app/migrations/0001_review_v2.sql,prepared_v2_not_runtime_verified
QueryExecution,v2_scheduled_date,query_executions,scheduled_date,TEXT,0,False,,curator-app/migrations/0001_review_v2.sql,prepared_v2_not_runtime_verified
QueryExecution,v2_provider,query_executions,provider,TEXT,0,False,,curator-app/migrations/0001_review_v2.sql,prepared_v2_not_runtime_verified
QueryExecution,v2_query_id,query_executions,query_id,TEXT,0,False,,curator-app/migrations/0001_review_v2.sql,prepared_v2_not_runtime_verified
QueryExecution,v2_status,query_executions,status,TEXT,0,False,,curator-app/migrations/0001_review_v2.sql,prepared_v2_not_runtime_verified
QueryExecution,v2_started_at,query_executions,started_at,TEXT,0,False,,curator-app/migrations/0001_review_v2.sql,prepared_v2_not_runtime_verified
QueryExecution,v2_finished_at,query_executions,finished_at,TEXT,0,False,,curator-app/migrations/0001_review_v2.sql,prepared_v2_not_runtime_verified
QueryExecution,v2_occurrences_returned,query_executions,occurrences_returned,INTEGER,0,True,,curator-app/migrations/0001_review_v2.sql,prepared_v2_not_runtime_verified
QueryExecution,v2_result_storage_key,query_executions,result_storage_key,TEXT,0,True,,curator-app/migrations/0001_review_v2.sql,prepared_v2_not_runtime_verified
QueryExecution,v2_error_code,query_executions,error_code,TEXT,0,True,,curator-app/migrations/0001_review_v2.sql,prepared_v2_not_runtime_verified
RetrievalActivity,v2_attempt_id,retrieval_attempts,attempt_id,TEXT,1,False,,curator-app/migrations/0001_review_v2.sql,prepared_v2_not_runtime_verified
RetrievalActivity,v2_review_id,retrieval_attempts,review_id,TEXT,0,False,,curator-app/migrations/0001_review_v2.sql,prepared_v2_not_runtime_verified
RetrievalActivity,v2_candidate_id,retrieval_attempts,candidate_id,TEXT,0,False,,curator-app/migrations/0001_review_v2.sql,prepared_v2_not_runtime_verified
RetrievalActivity,v2_source_url,retrieval_attempts,source_url,TEXT,0,False,,curator-app/migrations/0001_review_v2.sql,prepared_v2_not_runtime_verified
RetrievalActivity,v2_provider,retrieval_attempts,provider,TEXT,0,False,,curator-app/migrations/0001_review_v2.sql,prepared_v2_not_runtime_verified
RetrievalActivity,v2_started_at,retrieval_attempts,started_at,TEXT,0,False,,curator-app/migrations/0001_review_v2.sql,prepared_v2_not_runtime_verified
RetrievalActivity,v2_finished_at,retrieval_attempts,finished_at,TEXT,0,False,,curator-app/migrations/0001_review_v2.sql,prepared_v2_not_runtime_verified
RetrievalActivity,v2_status,retrieval_attempts,status,TEXT,0,False,,curator-app/migrations/0001_review_v2.sql,prepared_v2_not_runtime_verified
RetrievalActivity,v2_http_status,retrieval_attempts,http_status,INTEGER,0,True,,curator-app/migrations/0001_review_v2.sql,prepared_v2_not_runtime_verified
RetrievalActivity,v2_error_code,retrieval_attempts,error_code,TEXT,0,True,,curator-app/migrations/0001_review_v2.sql,prepared_v2_not_runtime_verified
RetrievalActivity,v2_duration_ms,retrieval_attempts,duration_ms,INTEGER,0,False,,curator-app/migrations/0001_review_v2.sql,prepared_v2_not_runtime_verified
RetrievalActivity,v2_content_sha256,retrieval_attempts,content_sha256,TEXT,0,True,,curator-app/migrations/0001_review_v2.sql,prepared_v2_not_runtime_verified
RetrievalActivity,v2_retry_parent_id,retrieval_attempts,retry_parent_id,TEXT,0,True,,curator-app/migrations/0001_review_v2.sql,prepared_v2_not_runtime_verified
CandidateRecord,v2_review_id,review_candidates,review_id,TEXT,1,False,,curator-app/migrations/0001_review_v2.sql,prepared_v2_not_runtime_verified
CandidateRecord,v2_candidate_id,review_candidates,candidate_id,TEXT,2,False,,curator-app/migrations/0001_review_v2.sql,prepared_v2_not_runtime_verified
CandidateRecord,v2_work_id,review_candidates,work_id,TEXT,0,True,,curator-app/migrations/0001_review_v2.sql,prepared_v2_not_runtime_verified
CandidateRecord,v2_title,review_candidates,title,TEXT,0,False,,curator-app/migrations/0001_review_v2.sql,prepared_v2_not_runtime_verified
CandidateRecord,v2_identity_state,review_candidates,identity_state,TEXT,0,False,,curator-app/migrations/0001_review_v2.sql,prepared_v2_not_runtime_verified
CandidateRecord,v2_stage,review_candidates,stage,TEXT,0,False,,curator-app/migrations/0001_review_v2.sql,prepared_v2_not_runtime_verified
CandidateRecord,v2_record_version,review_candidates,record_version,INTEGER,0,False,1,curator-app/migrations/0001_review_v2.sql,prepared_v2_not_runtime_verified
CandidateRecord,v2_origin_event_id,review_candidates,origin_event_id,TEXT,0,False,,curator-app/migrations/0001_review_v2.sql,prepared_v2_not_runtime_verified
CandidateRecord,v2_created_at,review_candidates,created_at,TEXT,0,False,,curator-app/migrations/0001_review_v2.sql,prepared_v2_not_runtime_verified
SystematicReview,v2_review_id,reviews,review_id,TEXT,1,False,,curator-app/migrations/0001_review_v2.sql,prepared_v2_not_runtime_verified
SystematicReview,v2_title,reviews,title,TEXT,0,False,,curator-app/migrations/0001_review_v2.sql,prepared_v2_not_runtime_verified
SystematicReview,v2_protocol_version,reviews,protocol_version,TEXT,0,False,,curator-app/migrations/0001_review_v2.sql,prepared_v2_not_runtime_verified
SystematicReview,v2_ontology_version,reviews,ontology_version,TEXT,0,False,,curator-app/migrations/0001_review_v2.sql,prepared_v2_not_runtime_verified
SystematicReview,v2_phase,reviews,phase,TEXT,0,False,,curator-app/migrations/0001_review_v2.sql,prepared_v2_not_runtime_verified
SystematicReview,v2_timezone,reviews,timezone,TEXT,0,False,,curator-app/migrations/0001_review_v2.sql,prepared_v2_not_runtime_verified
SystematicReview,v2_start_date,reviews,start_date,TEXT,0,True,,curator-app/migrations/0001_review_v2.sql,prepared_v2_not_runtime_verified
SystematicReview,v2_activated_at,reviews,activated_at,TEXT,0,True,,curator-app/migrations/0001_review_v2.sql,prepared_v2_not_runtime_verified
SystematicReview,v2_legacy_snapshot_id,reviews,legacy_snapshot_id,TEXT,0,True,,curator-app/migrations/0001_review_v2.sql,prepared_v2_not_runtime_verified
SystematicReview,v2_created_at,reviews,created_at,TEXT,0,False,,curator-app/migrations/0001_review_v2.sql,prepared_v2_not_runtime_verified
RunAttempt,v2_attempt_id,run_attempts,attempt_id,TEXT,1,False,,curator-app/migrations/0001_review_v2.sql,prepared_v2_not_runtime_verified
RunAttempt,v2_review_id,run_attempts,review_id,TEXT,0,False,,curator-app/migrations/0001_review_v2.sql,prepared_v2_not_runtime_verified
RunAttempt,v2_scheduled_date,run_attempts,scheduled_date,TEXT,0,False,,curator-app/migrations/0001_review_v2.sql,prepared_v2_not_runtime_verified
RunAttempt,v2_attempt_number,run_attempts,attempt_number,INTEGER,0,False,,curator-app/migrations/0001_review_v2.sql,prepared_v2_not_runtime_verified
RunAttempt,v2_started_at,run_attempts,started_at,TEXT,0,False,,curator-app/migrations/0001_review_v2.sql,prepared_v2_not_runtime_verified
RunAttempt,v2_finished_at,run_attempts,finished_at,TEXT,0,True,,curator-app/migrations/0001_review_v2.sql,prepared_v2_not_runtime_verified
RunAttempt,v2_lease_until,run_attempts,lease_until,TEXT,0,False,,curator-app/migrations/0001_review_v2.sql,prepared_v2_not_runtime_verified
RunAttempt,v2_status,run_attempts,status,TEXT,0,False,,curator-app/migrations/0001_review_v2.sql,prepared_v2_not_runtime_verified
RunAttempt,v2_error_code,run_attempts,error_code,TEXT,0,True,,curator-app/migrations/0001_review_v2.sql,prepared_v2_not_runtime_verified
RunAttempt,v2_retry_after,run_attempts,retry_after,TEXT,0,True,,curator-app/migrations/0001_review_v2.sql,prepared_v2_not_runtime_verified
ScholarlyWork,v2_work_id,scholarly_works,work_id,TEXT,1,False,,curator-app/migrations/0001_review_v2.sql,prepared_v2_not_runtime_verified
ScholarlyWork,v2_title,scholarly_works,title,TEXT,0,False,,curator-app/migrations/0001_review_v2.sql,prepared_v2_not_runtime_verified
ScholarlyWork,v2_work_type,scholarly_works,work_type,TEXT,0,False,,curator-app/migrations/0001_review_v2.sql,prepared_v2_not_runtime_verified
ScholarlyWork,v2_original_language,scholarly_works,original_language,TEXT,0,True,,curator-app/migrations/0001_review_v2.sql,prepared_v2_not_runtime_verified
ScholarlyWork,v2_created_at,scholarly_works,created_at,TEXT,0,False,,curator-app/migrations/0001_review_v2.sql,prepared_v2_not_runtime_verified
ScreeningDecision,v2_decision_id,screening_decisions_v2,decision_id,TEXT,1,False,,curator-app/migrations/0001_review_v2.sql,prepared_v2_not_runtime_verified
ScreeningDecision,v2_receipt_id,screening_decisions_v2,receipt_id,TEXT,0,False,,curator-app/migrations/0001_review_v2.sql,prepared_v2_not_runtime_verified
ScreeningDecision,v2_review_id,screening_decisions_v2,review_id,TEXT,0,False,,curator-app/migrations/0001_review_v2.sql,prepared_v2_not_runtime_verified
ScreeningDecision,v2_candidate_id,screening_decisions_v2,candidate_id,TEXT,0,False,,curator-app/migrations/0001_review_v2.sql,prepared_v2_not_runtime_verified
ScreeningDecision,v2_decision,screening_decisions_v2,decision,TEXT,0,False,,curator-app/migrations/0001_review_v2.sql,prepared_v2_not_runtime_verified
ScreeningDecision,v2_rationale,screening_decisions_v2,rationale,TEXT,0,False,,curator-app/migrations/0001_review_v2.sql,prepared_v2_not_runtime_verified
ScreeningDecision,v2_protocol_version,screening_decisions_v2,protocol_version,TEXT,0,False,,curator-app/migrations/0001_review_v2.sql,prepared_v2_not_runtime_verified
ScreeningDecision,v2_supersedes_id,screening_decisions_v2,supersedes_id,TEXT,0,True,,curator-app/migrations/0001_review_v2.sql,prepared_v2_not_runtime_verified
ScreeningDecision,v2_created_at,screening_decisions_v2,created_at,TEXT,0,False,,curator-app/migrations/0001_review_v2.sql,prepared_v2_not_runtime_verified
SearchDay,v2_review_id,search_days,review_id,TEXT,1,False,,curator-app/migrations/0001_review_v2.sql,prepared_v2_not_runtime_verified
SearchDay,v2_scheduled_date,search_days,scheduled_date,TEXT,2,False,,curator-app/migrations/0001_review_v2.sql,prepared_v2_not_runtime_verified
SearchDay,v2_timezone,search_days,timezone,TEXT,0,False,,curator-app/migrations/0001_review_v2.sql,prepared_v2_not_runtime_verified
SearchDay,v2_protocol_version,search_days,protocol_version,TEXT,0,False,,curator-app/migrations/0001_review_v2.sql,prepared_v2_not_runtime_verified
SearchDay,v2_query_manifest_json,search_days,query_manifest_json,TEXT,0,False,,curator-app/migrations/0001_review_v2.sql,prepared_v2_not_runtime_verified
SearchDay,v2_status,search_days,status,TEXT,0,False,,curator-app/migrations/0001_review_v2.sql,prepared_v2_not_runtime_verified
SearchDay,v2_deadline_at,search_days,deadline_at,TEXT,0,False,,curator-app/migrations/0001_review_v2.sql,prepared_v2_not_runtime_verified
SearchDay,v2_created_at,search_days,created_at,TEXT,0,False,,curator-app/migrations/0001_review_v2.sql,prepared_v2_not_runtime_verified
WorkRelation,v2_relation_id,work_relations_v2,relation_id,TEXT,1,False,,curator-app/migrations/0001_review_v2.sql,prepared_v2_not_runtime_verified
WorkRelation,v2_subject_work_id,work_relations_v2,subject_work_id,TEXT,0,False,,curator-app/migrations/0001_review_v2.sql,prepared_v2_not_runtime_verified
WorkRelation,v2_object_work_id,work_relations_v2,object_work_id,TEXT,0,False,,curator-app/migrations/0001_review_v2.sql,prepared_v2_not_runtime_verified
WorkRelation,v2_relation_type,work_relations_v2,relation_type,TEXT,0,False,,curator-app/migrations/0001_review_v2.sql,prepared_v2_not_runtime_verified
WorkRelation,v2_source_url,work_relations_v2,source_url,TEXT,0,False,,curator-app/migrations/0001_review_v2.sql,prepared_v2_not_runtime_verified
WorkRelation,v2_rationale,work_relations_v2,rationale,TEXT,0,False,,curator-app/migrations/0001_review_v2.sql,prepared_v2_not_runtime_verified
WorkRelation,v2_attributed_to,work_relations_v2,attributed_to,TEXT,0,False,,curator-app/migrations/0001_review_v2.sql,prepared_v2_not_runtime_verified
WorkRelation,v2_observed_at,work_relations_v2,observed_at,TEXT,0,False,,curator-app/migrations/0001_review_v2.sql,prepared_v2_not_runtime_verified
